Column1,State/UT,Parliamentary Constituency,Party Name,Winning Candidate,Total Votes,Margin
1,Andaman & Nicobar Islands,Andaman & Nicobar Islands(1),Bharatiya Janata Party(BJP),BISHNU PADA RAY,102436,24396
2,Andhra Pradesh,Amalapuram (SC)(7),Telugu Desam - TDP,G M HARISH (BALAYOGI),796981,342196
3,Andhra Pradesh,Anakapalle(5),Bharatiya Janata Party(BJP),C.M.RAMESH,762069,296530
4,Andhra Pradesh,Ananthapur(19),Telugu Desam - TDP,AMBICA G LAKSHMINARAYANA VALMIKI,768245,188555
5,Andhra Pradesh,Araku (ST)(1),Yuvajana Sramika Rythu Congress Party - YSRCP,GUMMA THANUJA RANI,477005,50580
6,Andhra Pradesh,Bapatla (SC)(15),Telugu Desam - TDP,KRISHNA PRASAD TENNETI,717493,208031
7,Andhra Pradesh,Chittoor(SC)(25),Telugu Desam - TDP,DAGGUMALLA PRASADA RAO,778071,220479
8,Andhra Pradesh,Eluru(10),Telugu Desam - TDP,PUTTA MAHESH KUMAR,746351,181857
9,Andhra Pradesh,Guntur(13),Telugu Desam - TDP,DR CHANDRA SEKHAR PEMMASANI,864948,344695
10,Andhra Pradesh,Hindupur(20),Telugu Desam - TDP,B K PARTHASARATHI,725534,132427
11,Andhra Pradesh,Kadapa(21),Yuvajana Sramika Rythu Congress Party - YSRCP,Y. S. AVINASH REDDY,605143,62695
12,Andhra Pradesh,Kakinada(6),janasena,TANGELLA UDAY SRINIVAS (TEA TIME UDAY),729699,229491
13,Andhra Pradesh,Kurnoolu(18),Telugu Desam - TDP,BASTIPATI NAGARAJU PANCHALINGALA,658914,111298
14,Andhra Pradesh,Machilipatnam(11),janasena,BALASHOWRY VALLABHANENI,724439,223179
15,Andhra Pradesh,Nandyal(17),Telugu Desam - TDP,DR BYREDDY SHABARI,701131,111975
16,Andhra Pradesh,Narsapuram(9),Bharatiya Janata Party(BJP),BHUPATHI RAJU SRINIVASA VARMA (B.J.P.VARMA),707343,276802
17,Andhra Pradesh,Narsaraopet(14),Telugu Desam - TDP,LAVU SRIKRISHNA DEVARAYALU,807996,159729
18,Andhra Pradesh,Nellore(22),Telugu Desam - TDP,PRABHAKAR REDDY VEMIREDDY,766202,245902
19,Andhra Pradesh,Ongole(16),Telugu Desam - TDP,MAGUNTA SREENIVASULU REDDY,701894,50199
20,Andhra Pradesh,Rajahmundry(8),Bharatiya Janata Party(BJP),DAGGUBATI PURANDHESHWARI,726515,239139
21,Andhra Pradesh,Rajampet(24),Yuvajana Sramika Rythu Congress Party - YSRCP,P V MIDHUN REDDY,644844,76071
22,Andhra Pradesh,Srikakulam(2),Telugu Desam - TDP,KINJARAPU RAMMOHAN NAIDU,754328,327901
23,Andhra Pradesh,Thirupathi(SC)(23),Yuvajana Sramika Rythu Congress Party - YSRCP,GURUMOORTHY MADDILA,632228,14569
24,Andhra Pradesh,Vijayawada(12),Telugu Desam - TDP,KESINENI SIVANATH (CHINNI),794154,282085
25,Andhra Pradesh,Visakhapatnam(4),Telugu Desam - TDP,SRIBHARAT MATHUKUMILI,907467,504247
26,Andhra Pradesh,Vizianagaram(3),Telugu Desam - TDP,APPALANAIDU KALISETTI,743113,249351
27,Arunachal Pradesh,Arunachal East(2),Bharatiya Janata Party(BJP),TAPIR GAO,145581,30421
28,Arunachal Pradesh,Arunachal West(1),Bharatiya Janata Party(BJP),KIREN RIJIJU,205417,100738
29,Assam,Barpeta(3),Asom Gana Parishad (AGP),PHANI BHUSAN CHOUDHURY,860113,222351
30,Assam,Darrang-Udalguri(4),Bharatiya Janata Party(BJP),DILIP SAIKIA,868387,329012
31,Assam,Dhubri (2),Indian National Congress (INC),RAKIBUL HUSSAIN,1471885,1012476
32,Assam,Dibrugarh(13),Bharatiya Janata Party(BJP),SARBANANDA SONOWAL,693762,279321
33,Assam,Diphu(6),Bharatiya Janata Party(BJP),AMARSING TISSO,334620,147603
34,Assam,Guwahati(5),Bharatiya Janata Party(BJP),BIJULI KALITA MEDHI,894887,251090
35,Assam,Jorhat(14),Indian National Congress (INC),GAURAV GOGOI,751771,144393
36,Assam,Karimganj(7),Bharatiya Janata Party(BJP),KRIPANATH MALLAH,545093,18360
37,Assam,Kaziranga(10),Bharatiya Janata Party(BJP),KAMAKHYA PRASAD TASA,897043,248947
38,Assam,Kokrajhar (1),"United People’s Party, Liberal - UPPL",JOYANTA BASUMATARY,488995,51583
39,Assam,Lakhimpur(12),Bharatiya Janata Party(BJP),PRADAN BARUAH,663122,201257
40,Assam,Nagaon(9),Indian National Congress (INC),PRADYUT BORDOLOI,788850,212231
41,Assam,Silchar (8),Bharatiya Janata Party(BJP),PARIMAL SUKLABAIDYA,652405,264311
42,Assam,Sonitpur(11),Bharatiya Janata Party(BJP),RANJIT DUTTA,775788,361408
43,Bihar,Araria(9),Bharatiya Janata Party(BJP),PRADEEP KUMAR SINGH,600146,20094
44,Bihar,Arrah(32),Communist Party of India (Marxist-Leninist) (Liberation) - CPI(ML)(L),SUDAMA PRASAD,529382,59808
45,Bihar,Aurangabad(37),rjd,ABHAY KUMAR SINHA,465567,79111
46,Bihar,Banka(27),Janata Dal United(JDU,GIRIDHARI YADAV,506678,103844
47,Bihar,Begusarai(24),Bharatiya Janata Party(BJP),GIRIRAJ SINGH,649331,81480
48,Bihar,Bhagalpur(26),Janata Dal United(JDU,AJAY KUMAR MANDAL,536031,104868
49,Bihar,Buxar(33),rjd,SUDHAKAR SINGH,438345,30091
50,Bihar,Darbhanga(14),Bharatiya Janata Party(BJP),GOPAL JEE THAKUR,566630,178156
51,Bihar,Gaya(38),Hindustani Awam Morcha (Secular) - HAMS,JITAN RAM MANJHI,494960,101812
52,Bihar,Godda(3),Bharatiya Janata Party(BJP),NISHIKANT DUBEY,693140,101813
53,Bihar,Gopalganj(17),Janata Dal United(JDU,DR. ALOK KUMAR SUMAN,511866,127180
54,Bihar,Hajipur(21),Lok Janshakti Party(Ram Vilas) - LJPRV,CHIRAG PASWAN,615718,170105
55,Bihar,Jahanabad(36),rjd,SURENDRA PRASAD YADAV,443035,142591
56,Bihar,Jamui(40),Lok Janshakti Party(Ram Vilas) - LJPRV,ARUN BHARTI,509046,112482
57,Bihar,Jhanjharpur(7),Janata Dal United(JDU,RAMPRIT MANDAL,533032,184169
58,Bihar,Karakat(35),Communist Party of India (Marxist-Leninist) (Liberation) - CPI(ML)(L),RAJA RAM SINGH,380581,105858
59,Bihar,Katihar(11),Indian National Congress (INC),TARIQ ANWAR,567092,49863
60,Bihar,Khagaria(25),Lok Janshakti Party(Ram Vilas) - LJPRV,RAJESH VERMA,538657,161131
61,Bihar,Kishanganj(10),Indian National Congress (INC),MOHAMMAD JAWED,402850,59692
62,Bihar,Madhepura(13),Janata Dal United(JDU,DINESH CHANDRA YADAV,640649,174534
63,Bihar,Madhubani(6),Bharatiya Janata Party(BJP),ASHOK KUMAR YADAV,553428,151945
64,Bihar,Maharajganj(19),Bharatiya Janata Party(BJP),"JANARDAN SINGH ""SIGRIWAL""",529533,102651
65,Bihar,Munger(28),Janata Dal United(JDU,RAJIV RANJAN SINGH ALIAS LALAN SINGH,550146,80870
66,Bihar,Nalanda(29),Janata Dal United(JDU,KAUSHALENDRA KUMAR,559422,169114
67,Bihar,Nawada(39),Bharatiya Janata Party(BJP),VIVEK THAKUR,410608,67670
68,Bihar,Paschim Champaran(2),Bharatiya Janata Party(BJP),DR.SANJAY JAISWAL,580421,136568
69,Bihar,Patliputra(31),rjd,MISHA BHARTI,613283,85174
70,Bihar,Patna Sahib(30),Bharatiya Janata Party(BJP),RAVI SHANKAR PRASAD,588270,153846
71,Bihar,Purnia(12),Independent - IND,RAJESH RANJAN ALIAS PAPPU YADAV,567556,23847
72,Bihar,Purvi Champaran(3),Bharatiya Janata Party(BJP),RADHA MOHAN SINGH,542193,88287
73,Bihar,Samastipur(23),Lok Janshakti Party(Ram Vilas) - LJPRV,SHAMBHAVI,579786,187251
74,Bihar,Saran(20),Bharatiya Janata Party(BJP),RAJIV PRATAP RUDY,471752,13661
75,Bihar,Sasaram(34),Indian National Congress (INC),MANOJ KUMAR,513004,19157
76,Bihar,Sheohar(4),Janata Dal United(JDU,LOVELY ANAND,476612,29143
77,Bihar,Sitamarhi(5),Janata Dal United(JDU,DEVESH CHANDRA THAKUR,515719,51356
78,Bihar,Siwan(18),Janata Dal United(JDU,VIJAYLAKSHMI DEVI,386508,92857
79,Bihar,Supaul(8),Janata Dal United(JDU,DILESHWAR KAMAIT,595038,169803
80,Bihar,Ujiarpur(22),Bharatiya Janata Party(BJP),NITYANAND RAI,515965,60102
81,Bihar,Vaishali(16),Lok Janshakti Party(Ram Vilas) - LJPRV,VEENA DEVI,567043,89634
82,Bihar,Valmiki Nagar (1),Janata Dal United(JDU,SUNIL KUMAR,523422,98675
83,Chandigarh,Chandigarh(1),Indian National Congress (INC),MANISH TEWARI,216657,2504
84,Chattisgarh,BASTAR(10),Bharatiya Janata Party(BJP),MAHESH KASHYAP,458398,55245
85,Chattisgarh,BILASPUR(5),Bharatiya Janata Party(BJP),TOKHAN SAHU,724937,164558
86,Chattisgarh,DURG(7),Bharatiya Janata Party(BJP),VIJAY BAGHEL,956497,438226
87,Chattisgarh,JANJGIR-CHAMPA(3),Bharatiya Janata Party(BJP),KAMLESH JANGDE,678199,60000
88,Chattisgarh,KANKER(11),Bharatiya Janata Party(BJP),BHOJRAJ NAG,597624,1884
89,Chattisgarh,KORBA(4),Indian National Congress (INC),JYOTSNA CHARANDAS MAHANT,570182,43283
90,Chattisgarh,MAHASAMUND(9),Bharatiya Janata Party(BJP),ROOP KUMARI CHOUDHARY,703659,145456
91,Chattisgarh,RAIGARH(2),Bharatiya Janata Party(BJP),RADHESHYAM RATHIYA,808275,240391
92,Chattisgarh,RAIPUR(8),Bharatiya Janata Party(BJP),BRIJMOHAN AGRAWAL,1050351,575285
93,Chattisgarh,RAJNANDGAON(6),Bharatiya Janata Party(BJP),SANTOSH PANDEY,712057,44411
94,Chattisgarh,SURGUJA(1),Bharatiya Janata Party(BJP),CHINTAMANI MAHARAJ,713200,64822
95,Dadra & Nagar Haveli,Dadar & Nagar Haveli(2),Bharatiya Janata Party(BJP),DELKAR KALABEN MOHANBHAI,121074,57584
96,Daman & Diu,Daman & Diu (1),Independent - IND,PATEL UMESHBHAI BABUBHAI,42523,6225
97,Goa,North Goa(1),Bharatiya Janata Party(BJP),SHRIPAD YESSO NAIK,257326,116015
98,Goa,South Goa(2),Indian National Congress (INC),CAPTAIN  VIRIATO FERNANDES,217836,13535
99,Gujarat,Ahmedabad East(7),Bharatiya Janata Party(BJP),HASMUKHBHAI PATEL (H.S.PATEL),770459,461755
100,Gujarat,Ahmedabad West(8),Bharatiya Janata Party(BJP),DINESHBHAI MAKWANA (ADVOCATE),611704,286437
101,Gujarat,Amreli(14),Bharatiya Janata Party(BJP),BHARATBHAI MANUBHAI SUTARIYA,580872,321068
102,Gujarat,Anand(16),Bharatiya Janata Party(BJP),MITESH PATEL (BAKABHAI),612484,89939
103,Gujarat,Banaskantha(2),Indian National Congress (INC),GENIBEN NAGAJI THAKOR,671883,30406
104,Gujarat,Bardoli(23),Bharatiya Janata Party(BJP),PARBHUBHAI NAGARBHAI VASAVA,763950,230253
105,Gujarat,Bharuch(22),Bharatiya Janata Party(BJP),MANSUKHBHAI DHANJIBHAI VASAVA,608157,85696
106,Gujarat,Bhavnagar(15),Bharatiya Janata Party(BJP),NIMUBEN JAYANTIBHAI BAMBHANIYA (NIMUBEN BAMBHANIYA),716883,455289
107,Gujarat,Chhota Udaipur(21),Bharatiya Janata Party(BJP),JASHUBHAI BHILUBHAI RATHVA,796589,398777
108,Gujarat,Dahod(19),Bharatiya Janata Party(BJP),JASWANTSINH SUMANBHAI BHABHOR,688715,333677
109,Gujarat,Gandhinagar(6),Bharatiya Janata Party(BJP),AMIT SHAH,1010972,744716
110,Gujarat,Jamnagar(12),Bharatiya Janata Party(BJP),POONAMBEN HEMATBHAI MAADAM,620049,238008
111,Gujarat,Junagadh(13),Bharatiya Janata Party(BJP),CHUDASAMA RAJESHBHAI NARANBHAI,584049,135494
112,Gujarat,Kachchh(1),Bharatiya Janata Party(BJP),CHAVDA VINOD LAKHAMSHI,659574,268782
113,Gujarat,Kheda(17),Bharatiya Janata Party(BJP),DEVUSINH CHAUHAN,744435,357758
114,Gujarat,Mahesana(4),Bharatiya Janata Party(BJP),HARIBHAI PATEL,686406,328046
115,Gujarat,Navsari(25),Bharatiya Janata Party(BJP),C R PATIL,1031065,773551
116,Gujarat,Panchmahal(18),Bharatiya Janata Party(BJP),RAJPALSINH MAHENDRASINH JADAV,794579,509342
117,Gujarat,Patan(3),Bharatiya Janata Party(BJP),DABHI  BHARATSINHJI  SHANKARJI,591947,31876
118,Gujarat,Porbandar(11),Bharatiya Janata Party(BJP),DR. MANSUKH MANDAVIYA,633118,383360
119,Gujarat,Rajkot(10),Bharatiya Janata Party(BJP),PARSHOTTAMBHAI RUPALA,857984,484260
120,Gujarat,Sabarkantha(5),Bharatiya Janata Party(BJP),SHOBHANABEN MAHENDRASINH BARAIYA,677318,155682
121,Gujarat,Surat(24),Bharatiya Janata Party(BJP),MUKESHKUMAR CHANDRAKAANT DALAL (Uncontested),-,-
122,Gujarat,Surendranagar(9),Bharatiya Janata Party(BJP),CHANDUBHAI CHHAGANBHAI SHIHORA,669749,261617
123,Gujarat,Vadodara(20),Bharatiya Janata Party(BJP),DR. HEMANG JOSHI,873189,582126
124,Gujarat,Valsad(26),Bharatiya Janata Party(BJP),DHAVAL LAXMANBHAI PATEL,764226,210704
125,Haryana,BHIWANI-MAHENDRAGARH(8),Bharatiya Janata Party(BJP),DHARAMBIR SINGH,588664,41510
126,Haryana,FARIDABAD(10),Bharatiya Janata Party(BJP),KRISHAN PAL,788569,172914
127,Haryana,GURGAON(9),Bharatiya Janata Party(BJP),RAO INDERJIT SINGH,808336,75079
128,Haryana,HISAR(4),Indian National Congress (INC),JAI PARKASH (J P) S/O HARIKESH,570424,63381
129,Haryana,KARNAL(5),Bharatiya Janata Party(BJP),MANOHAR LAL,739285,232577
130,Haryana,KURUKSHETRA(2),Bharatiya Janata Party(BJP),NAVEEN JINDAL,542175,29021
131,Haryana,ROHTAK(7),Indian National Congress (INC),DEEPENDER SINGH HOODA,783578,345298
132,Haryana,SIRSA(3),Indian National Congress (INC),SELJA,733823,268497
133,Haryana,SONIPAT(6),Indian National Congress (INC),SATPAL BRAHAMCHARI,548682,21816
134,Haryana,AMBALA(1),Indian National Congress (INC),VARUN CHAUDHRY,663657,49036
135,Himachal Pradesh,HAMIRPUR(3),Bharatiya Janata Party(BJP),ANURAG SINGH THAKUR,607068,182357
136,Himachal Pradesh,KANGRA(1),Bharatiya Janata Party(BJP),DR RAJEEV BHARDWAJ,632793,251895
137,Himachal Pradesh,MANDI(2),Bharatiya Janata Party(BJP),KANGNA RANAUT,537022,74755
138,Himachal Pradesh,SHIMLA(4),Bharatiya Janata Party(BJP),Suresh Kumar Kashyap,519748,91451
139,Jammu & Kashmir,ANANTNAG-RAJOURI(3),Jammu & Kashmir National Conference - JK,MIAN ALTAF AHMAD,521836,281794
140,Jammu & Kashmir,BARAMULLA(1),Independent - IND,ABDUL RASHID SHEIKH,472481,204142
141,Jammu & Kashmir,JAMMU(5),Bharatiya Janata Party(BJP),JUGAL KISHORE,687588,135498
142,Jammu & Kashmir,Ladakh(1),Independent - IND,MOHMAD HANEEFA,65259,27862
143,Jammu & Kashmir,SRINAGAR(2),Jammu & Kashmir National Conference - JK,AGA SYED RUHULLAH MEHDI,356866,188416
144,Jammu & Kashmir,UDHAMPUR(4),Bharatiya Janata Party(BJP),DR JITENDRA SINGH,571076,124373
145,Jharkhand,Chatra(4),Bharatiya Janata Party(BJP),KALI CHARAN SINGH,574556,220959
146,Jharkhand,Dhanbad(7),Bharatiya Janata Party(BJP),DULU MAHATO,789172,331583
147,Jharkhand,Dumka(2),jmm,NALIN SOREN,547370,22527
148,Jharkhand,Giridih(6),AJSU Party - AJSUP,CHANDRA PRAKASH CHOUDHARY,451139,80880
149,Jharkhand,Gonda(59),Bharatiya Janata Party(BJP),KIRTIVARDHAN SINGH,474258,46224
150,Jharkhand,Hazaribagh(14),Bharatiya Janata Party(BJP),MANISH JAISWAL,654613,276686
151,Jharkhand,Jamshedpur(9),Bharatiya Janata Party(BJP),BIDYUT BARAN MAHATO,726174,259782
152,Jharkhand,Khunti(11),Indian National Congress (INC),KALI CHARAN MUNDA,511647,149675
153,Jharkhand,Kodarma(5),Bharatiya Janata Party(BJP),ANNPURNA DEVI,791657,377014
154,Jharkhand,Lohardaga(12),Indian National Congress (INC),SUKHDEO BHAGAT,483038,139138
155,Jharkhand,Palamau(13),Bharatiya Janata Party(BJP),VISHNU DAYAL RAM,770362,288807
156,Jharkhand,Rajmahal(1),jmm,VIJAY KUMAR HANSDAK,613371,178264
157,Jharkhand,Ranchi(8),Bharatiya Janata Party(BJP),SANJAY SETH,664732,120512
158,Jharkhand,Singhbhum(10),jmm,JOBA MAJHI,520164,168402
159,Karnataka,Bagalkot(3),Bharatiya Janata Party(BJP),GADDIGOUDAR. PARVATAGOUDA. CHANDANAGOUDA.,671039,68399
160,Karnataka,Bangalore central(25),Bharatiya Janata Party(BJP),P C MOHAN,658915,32707
161,Karnataka,Bangalore North(24),Bharatiya Janata Party(BJP),SHOBHA KARANDLAJE,986049,259476
162,Karnataka,Bangalore Rural(23),Bharatiya Janata Party(BJP),DR C N MANJUNATH,1079002,269647
163,Karnataka,Bangalore South(26),Bharatiya Janata Party(BJP),TEJASVI SURYA,750830,277083
164,Karnataka,Belgaum(2),Bharatiya Janata Party(BJP),JAGADISH SHETTAR,762029,178437
165,Karnataka,Bellary(9),Indian National Congress (INC),E. TUKARAM,730845,98992
166,Karnataka,Bidar(7),Indian National Congress (INC),SAGAR ESHWAR KHANDRE,666317,128875
167,Karnataka,Bijapur(4),Bharatiya Janata Party(BJP),RAMESH JIGAJINAGI,672781,77229
168,Karnataka,Chamarajanagar(22),Indian National Congress (INC),SUNIL BOSE,751671,188706
169,Karnataka,Chikkballapur(27),Bharatiya Janata Party(BJP),DR.K.SUDHAKAR,822619,163460
170,Karnataka,Chikkodi(1),Indian National Congress (INC),PRIYANKA SATISH JARKIHOLI,713461,90834
171,Karnataka,Chitradurga(18),Bharatiya Janata Party(BJP),GOVIND MAKTHAPPA KARJOL,684890,48121
172,Karnataka,Dakshina Kannada(17),Bharatiya Janata Party(BJP),CAPTAIN BRIJESH CHOWTA,764132,149208
173,Karnataka,Davanagere(13),Indian National Congress (INC),DR. PRABHA MALLIKARJUN,633059,26094
174,Karnataka,Dharwad(11),Bharatiya Janata Party(BJP),PRALHAD JOSHI,716231,97324
175,Karnataka,Gulbarga(5),Indian National Congress (INC),RADHAKRISHNA,652321,27205
176,Karnataka,Hassan(16),Indian National Congress (INC),SHREYAS. M. PATEL,672988,42649
177,Karnataka,Haveri(10),Bharatiya Janata Party(BJP),BASAVARAJ BOMMAI,705538,43513
178,Karnataka,Kolar(28),Janata Dal (Secular) - JD(S),M. MALLESH BABU,691481,71388
179,Karnataka,Koppal(8),Indian National Congress (INC),K. RAJASHEKAR BASAVARAJ HITNAL,663511,46357
180,Karnataka,Mandya(20),Janata Dal (Secular) - JD(S),H.D. KUMARASWAMY,851881,284620
181,Karnataka,Mysore(21),Bharatiya Janata Party(BJP),YADUVEER KRISHNADATTA CHAMARAJA WADIYAR,795503,139262
182,Karnataka,Raichur(6),Indian National Congress (INC),G. KUMAR NAIK.,670966,79781
183,Karnataka,Shimoga(14),Bharatiya Janata Party(BJP),B.Y.RAGHAVENDRA,778721,243715
184,Karnataka,Tumkur(19),Bharatiya Janata Party(BJP),V. SOMANNA,720946,175594
185,Karnataka,Udupi Chikmagalur(15),Bharatiya Janata Party(BJP),KOTA SRINIVAS POOJARY,732234,259175
186,Karnataka,Uttara Kannada(12),Bharatiya Janata Party(BJP),VISHWESHWAR HEGDE KAGERI,782495,337428
187,kerla,Alappuzha(15),Indian National Congress (INC),K. C VENUGOPAL,404560,63513
188,kerla,Alathur (9),Communist Party of India (Marxist) - CPI(M),K.RADHAKRISHNAN,403447,20111
189,Kerla,Attingal(19),Indian National Congress (INC),ADV ADOOR PRAKASH,328051,684
190,Kerla,Chalakudy(11),Indian National Congress (INC),BENNY BEHANAN,394171,63754
191,Kerla,Ernakulam(12),Indian National Congress (INC),HIBI EDEN,482317,250385
192,Kerla,Idukki(13),Indian National Congress (INC),ADV. DEAN KURIAKOSE,432372,133727
193,Kerla,Kannur(2),Indian National Congress (INC),K. SUDHAKARAN,518524,108982
194,Kerla,Kasaragod(1),Indian National Congress (INC),RAJMOHAN UNNITHAN,490659,100649
195,Kerla,Kollam(18),Revolutionary Socialist Party - RSP,N K PREMACHANDRAN,443628,150302
196,Kerla,Kottayam(14),Kerala Congress - KEC,ADV K FRANCIS GEORGE,364631,87266
197,Kerla,Kozhikode(5),Indian National Congress (INC),M. K. RAGHAVAN,520421,146176
198,Kerla,Malappuram(6),Indian Union Muslim League - Indian Union Muslim League - IUML,E.T.  MOHAMMED BASHEER,644006,300118
199,Kerla,Mavelikkara (16),Indian National Congress (INC),KODIKUNNIL SURESH,369516,10868
200,Kerla,Palakkad(8),Indian National Congress (INC),V K SREEKANDAN,421169,75283
201,Kerla,Pathanamthitta(17),Indian National Congress (INC),ANTO ANTONY,367623,66119
202,Kerla,Ponnani(7),Indian Union Muslim League - IUML,DR. M.P ABDUSSAMAD SAMADANI,562516,235760
203,Kerla,Thiruvananthapuram(20),Indian National Congress (INC),SHASHI THAROOR,358155,16077
204,Kerla,Thrissur(10),Bharatiya Janata Party(BJP),SURESH GOPI,412338,74686
205,Kerla,Vadakara(3),Indian National Congress (INC),SHAFI PARAMBIL,557528,114506
206,Kerla,Wayanad(4),Indian National Congress (INC),RAHUL GANDHI,647445,364422
207,Lakshadweep,Lakshadweep(1),Indian National Congress (INC),MUHAMMED HAMDULLAH SAYEED,25726,2647
208,Madhya Pradesh,BALAGHAT(15),Bharatiya Janata Party(BJP),BHARTI PARDHI,712660,174512
209,Madhya Pradesh,BETUL(29),Bharatiya Janata Party(BJP),DURGADAS (D. D.) UIKEY,848236,379761
210,Madhya Pradesh,BHIND(2),Bharatiya Janata Party(BJP),SANDHYA RAY,537065,64840
211,Madhya Pradesh,BHOPAL(19),Bharatiya Janata Party(BJP),ALOK SHARMA,981109,501499
212,Madhya Pradesh,CHHINDWARA(16),Bharatiya Janata Party(BJP),BUNTY VIVEK SAHU,644738,113618
213,Madhya Pradesh,DAMOH(7),Bharatiya Janata Party(BJP),RAHUL SINGH LODHI,709768,406426
214,Madhya Pradesh,DEWAS(21),Bharatiya Janata Party(BJP),MAHENDRA SINGH SOLANKY,928941,425225
215,Madhya Pradesh,DHAR(25),Bharatiya Janata Party(BJP),SAVITRI THAKUR,794449,218665
216,Madhya Pradesh,GUNA(4),Bharatiya Janata Party(BJP),JYOTIRADITYA M. SCINDIA,923302,540929
217,Madhya Pradesh,GWALIOR(3),Bharatiya Janata Party(BJP),BHARAT SINGH KUSHWAH,671535,70210
218,Madhya Pradesh,HOSHANGABAD(17),Bharatiya Janata Party(BJP),DARSHAN SINGH CHOUDHARY,812147,431696
219,Madhya Pradesh,INDORE(26),Bharatiya Janata Party(BJP),SHANKAR LALWANI,1226751,1175092
220,Madhya Pradesh,JABALPUR(13),Bharatiya Janata Party(BJP),ASHISH DUBEY,790133,486674
221,Madhya Pradesh,KHAJURAHO(8),Bharatiya Janata Party(BJP),VISHNU DATT SHARMA (V.D.SHARMA),772774,541229
222,Madhya Pradesh,KHANDWA(28),Bharatiya Janata Party(BJP),GYANESHWAR PATIL,862679,269971
223,Madhya Pradesh,KHARGONE(27),Bharatiya Janata Party(BJP),GAJENDRA SINGH PATEL,819863,135018
224,Madhya Pradesh,MANDLA(14),Bharatiya Janata Party(BJP),FAGGAN SINGH KULASTE,751375,103846
225,Madhya Pradesh,MANDSOUR(23),Bharatiya Janata Party(BJP),SUDHEER GUPTA,945761,500655
226,Madhya Pradesh,MORENA(1),Bharatiya Janata Party(BJP),SHIVMANGAL SINGH TOMAR,515477,52530
227,Madhya Pradesh,RAJGARH(20),Bharatiya Janata Party(BJP),RODMAL NAGAR,758743,146089
228,Madhya Pradesh,RATLAM(24),Bharatiya Janata Party(BJP),ANITA NAGARSINGH CHOUHAN,795863,207232
229,Madhya Pradesh,REWA(10),Bharatiya Janata Party(BJP),JANARDAN MISHRA,477459,193374
230,Madhya Pradesh,SAGAR(5),Bharatiya Janata Party(BJP),DR. LATA WANKHEDE,787979,471222
231,Madhya Pradesh,SATNA(9),Bharatiya Janata Party(BJP),GANESH SINGH,459728,84949
232,Madhya Pradesh,SHAHDOL(12),Bharatiya Janata Party(BJP),SMT. HIMADRI SINGH,711143,397340
233,Madhya Pradesh,SIDHI(11),Bharatiya Janata Party(BJP),DR. RAJESH MISHRA,583559,206416
234,Madhya Pradesh,TIKAMGARH(6),Bharatiya Janata Party(BJP),DR. VIRENDRA KUMAR,715050,403312
235,Madhya Pradesh,UJJAIN(22),Bharatiya Janata Party(BJP),ANIL FIROJIYA,836104,375860
236,Madhya Pradesh,VIDISHA(18),Bharatiya Janata Party(BJP),SHIVRAJ SINGH CHOUHAN,1116460,821408
237,Maharathra,Ahmednagar(37),Nationalist Congress Party – Sharadchandra Pawar - NCPSP,NILESH DNYANDEV LANKE,624797,28929
238,Maharathra,Akola(6),Bharatiya Janata Party(BJP),ANUP SANJAY DHOTRE,457030,40626
239,Maharathra,Amravati (7),Indian National Congress (INC),BALWANT BASWANT WANKHADE,526271,19731
240,Maharathra,Aurangabad(19),Shiv Sena - SHS,BHUMARE SANDIPANRAO ASARAM,476130,134650
241,Maharathra,Baramati(35),Nationalist Congress Party – Sharadchandra Pawar - NCPSP,SUPRIYA SULE,732312,158333
242,Maharathra,Beed(39),Nationalist Congress Party – Sharadchandra Pawar - NCPSP,BAJRANG MANOHAR SONWANE,683950,6553
243,Maharathra,Bhandara Gondiya(11),Indian National Congress (INC),DR. PRASHANT YADAORAO PADOLE,587413,37380
244,Maharathra,Bhiwandi(23),Nationalist Congress Party – Sharadchandra Pawar - NCPSP,BALYA MAMA - SURESH GOPINATH MHATRE,499464,66121
245,Maharathra,Buldhana(5),Shiv Sena - SHS,JADHAV PRATAPRAO GANPATRAO,349867,29479
246,Maharathra,Chandrapur(13),Indian National Congress (INC),DHANORKAR PRATIBHA SURESH ALIAS BALUBHAU,718410,260406
247,Maharathra,Dhule(2),Indian National Congress (INC),BACHHAV SHOBHA DINESH,583866,3831
248,Maharathra,Dindori (20),Nationalist Congress Party – Sharadchandra Pawar - NCPSP,BHASKAR MURLIDHAR BHAGARE,577339,113199
249,Maharathra,Gadchiroli - Chimur(12),Indian National Congress (INC),DR. KIRSAN NAMDEO,617792,141696
250,Maharathra,Hatkanangale(48),Shiv Sena - SHS,DHAIRYASHEEL SAMBHAJIRAO MANE,520190,13426
251,Maharathra,Hingoli(15),Shiv Sena (Uddhav Balasaheb Thackrey) - SHSUBT,AASHTIKAR PATIL NAGESH BAPURAO,492535,108602
252,Maharathra,Jalgaon(3),Bharatiya Janata Party(BJP),SMITA UDAY WAGH,674428,251594
253,Maharathra,Jalna(18),Indian National Congress (INC),KALYAN VAIJINATHRAO KALE,607897,109958
254,Maharathra,Kalyan(24),Shiv Sena - SHS,DR SHRIKANT EKNATH SHINDE,589636,209144
255,Maharathra,Kolhapur(47),Indian National Congress (INC),CHHATRAPATI SHAHU SHAHAJI,754522,154964
256,Maharathra,Latur (41),Indian National Congress (INC),DR. KALGE SHIVAJI BANDAPPA,609021,61881
257,Maharathra,Madha(43),Nationalist Congress Party – Sharadchandra Pawar - NCPSP,MOHITE-PATIL DHAIRYASHEEL RAJSINH,622213,120837
258,Maharathra,Maval(33),Shiv Sena - SHS,SHRIRANG APPA CHANDU BARNE,692832,96615
259,Maharathra,Mumbai North Central(29),Indian National Congress (INC),GAIKWAD VARSHA EKNATH,445545,16514
260,Maharathra,Mumbai North East(28),Shiv Sena (Uddhav Balasaheb Thackrey) - SHSUBT,SANJAY DINA PATIL,450937,29861
261,Maharathra,Mumbai North West(27),Shiv Sena - SHS,RAVINDRA DATTARAM WAIKAR,452644,48
262,Maharathra,Mumbai North(26),Bharatiya Janata Party(BJP),PIYUSH GOYAL,680146,357608
263,Maharathra,Mumbai South Central(30),Shiv Sena (Uddhav Balasaheb Thackrey) - SHSUBT,ANIL YESHWANT DESAI,395138,53384
264,Maharathra,Mumbai South(31),Shiv Sena (Uddhav Balasaheb Thackrey) - SHSUBT,ARVIND GANPAT SAWANT,395655,52673
265,Maharathra,Nagpur(10),Bharatiya Janata Party(BJP),NITIN JAIRAM GADKARI,655027,137603
266,Maharathra,Nanded(16),Indian National Congress (INC),CHAVAN VASANTRAO BALWANTRAO,528894,59442
267,Maharathra,Nandurbar(1),Indian National Congress (INC),ADV GOWAAL KAGADA PADAVI,745998,159120
268,Maharathra,Nashik(21),Shiv Sena (Uddhav Balasaheb Thackrey) - SHSUBT,RAJABHAU (PARAG) PRAKASH WAJE,616729,162001
269,Maharathra,Osmanabad(40),Shiv Sena (Uddhav Balasaheb Thackrey) - SHSUBT,OMPRAKASH BHUPALSINH ALIAS PAVAN RAJENIMBALKAR,748752,329846
270,Maharathra,Palghar(22),Bharatiya Janata Party(BJP),DR. HEMANT VISHNU SAVARA,601244,183306
271,Maharathra,Parbhani(17),Shiv Sena (Uddhav Balasaheb Thackrey) - SHSUBT,JADHAV SANJAY ( BANDU ) HARIBHAU,601343,134061
272,Maharathra,Pune(34),Bharatiya Janata Party(BJP),MURLIDHAR MOHOL,584728,123038
273,Maharathra,Raigad(32),Nationalist Congress Party - NCP,TATKARE SUNIL DATTATREY,508352,82784
274,Maharathra,Ramtek (9),Indian National Congress (INC),Shyamkumar (Babalu) Daulat Barve,613025,76768
275,Maharathra,Ratnagiri- Sindhudurg(46),Bharatiya Janata Party(BJP),NARAYAN TATU RANE,448514,47858
276,Maharathra,Raver(4),Bharatiya Janata Party(BJP),KHADSE RAKSHA NIKHIL,630879,272183
277,Maharathra,Sangli(44),Independent - IND,VISHAL (DADA) PRAKASHBAPU PATIL,571666,100053
278,Maharathra,Satara(45),Bharatiya Janata Party(BJP),SHRIMANT CHH UDAYANRAJE PRATAPSINHAMAHARAJ BHONSLE,571134,32771
279,Maharathra,Shirdi (38),Shiv Sena (Uddhav Balasaheb Thackrey) - SHSUBT,BHAUSAHEB RAJARAM WAKCHAURE,476900,50529
280,Maharathra,Shirur(36),Nationalist Congress Party – Sharadchandra Pawar - NCPSP,DR. AMOL RAMSING KOLHE,698692,140951
281,Maharathra,Solapur(42),Indian National Congress (INC),PRANITI SUSHILKUMAR SHINDE,620225,74197
282,Maharathra,Thane(25),Shiv Sena - SHS,NARESH GANPAT MHASKE,734231,217011
283,Maharathra,Wardha(8),Nationalist Congress Party – Sharadchandra Pawar - NCPSP,AMAR SHARADRAO KALE,533106,81648
284,Maharathra,Yavatmal- Washim(14),Shiv Sena (Uddhav Balasaheb Thackrey) - SHSUBT,SANJAY UTTAMRAO DESHMUKH,594807,94473
285,Manipur,Inner Manipur(1),Indian National Congress (INC),ANGOMCHA BIMOL AKOIJAM,374017,109801
286,Manipur,Outer Manipur(2),Indian National Congress (INC),ALFRED KANNGAM S ARTHUR,384954,85418
287,Meghalaya,Shillong(1),Voice of the People Party - VOTPP,DR. RICKY ANDREW J. SYNGKON,571078,371910
288,Meghalaya,Tura(2),Indian National Congress (INC),SALENG A SANGMA,383919,155241
289,Mizoram,MIZORAM(1),Zoram People’s Movement - ZPM,RICHARD VANLALHMANGAIHA,208552,68288
290,Nagaland,Nagaland(1),Indian National Congress (INC),S SUPONGMEREN JAMIR,401951,50984
291,New Delhi,Chandni Chowk(1),Bharatiya Janata Party(BJP),PRAVEEN KHANDELWAL,516496,89325
292,New Delhi,East Delhi(3),Bharatiya Janata Party(BJP),HARSH MALHOTRA,664819,93663
293,New Delhi,New Delhi(4),Bharatiya Janata Party(BJP),BANSURI SWARAJ,453185,78370
294,New Delhi,North-East Delhi(2),Bharatiya Janata Party(BJP),MANOJ TIWARI,824451,138778
295,New Delhi,North-West Delhi(5),Bharatiya Janata Party(BJP),YOGENDER CHANDOLIYA,866483,290849
296,New Delhi,South Delhi(7),Bharatiya Janata Party(BJP),RAMVIR SINGH BIDHURI,692832,124333
297,New Delhi,West Delhi(6),Bharatiya Janata Party(BJP),KAMALJEET SEHRAWAT,842658,199013
298,Odisha,Aska(19),Bharatiya Janata Party(BJP),ANITA SUBHADARSHINI,494226,99974
299,Odisha,Balasore(6),Bharatiya Janata Party(BJP),PRATAP CHANDRA SARANGI,563865,147156
300,Odisha,Bargarh(1),Bharatiya Janata Party(BJP),PRADEEP PUROHIT,716359,251667
301,Odisha,Berhampur(20),Bharatiya Janata Party(BJP),DR. PRADEEP KUMAR PANIGRAHY,513102,165476
302,Odisha,Bhadrak(7),Bharatiya Janata Party(BJP),AVIMANYU SETHI,573319,91544
303,Odisha,Bhubaneswar(18),Bharatiya Janata Party(BJP),APARAJITA SARANGI,512519,35152
304,Odisha,Bolangir(10),Bharatiya Janata Party(BJP),SANGEETA KUMARI SINGH DEO,617744,132664
305,Odisha,Cuttack(14),Bharatiya Janata Party(BJP),BHARTRUHARI MAHTAB,531601,57077
306,Odisha,Dhenkanal(9),Bharatiya Janata Party(BJP),RUDRA NARAYAN PANY,598721,76567
307,Odisha,Jagatsinghpur(16),Bharatiya Janata Party(BJP),BIBHU PRASAD TARAI,589093,40696
308,Odisha,Jajpur(8),Bharatiya Janata Party(BJP),RABINDRA NARAYAN BEHERA,534239,1587
309,Odisha,Kalahandi(11),Bharatiya Janata Party(BJP),MALVIKA DEVI,544303,133813
310,Odisha,Kandhamal(13),Bharatiya Janata Party(BJP),SUKANTA KUMAR PANIGRAHI,416415,21371
311,Odisha,Kendrapara(15),Bharatiya Janata Party(BJP),BAIJAYANT PANDA,615705,66536
312,Odisha,Keonjhar(4),Bharatiya Janata Party(BJP),ANANTA NAYAK,573923,97042
313,Odisha,Koraput(21),Indian National Congress (INC),SAPTAGIRI SANKAR ULAKA,471393,147744
314,Odisha,Mayurbhanj(5),Bharatiya Janata Party(BJP),NABA CHARAN MAJHI,585971,219334
315,Odisha,Nabarangpur(12),Bharatiya Janata Party(BJP),BALABHADRA MAJHI,481396,87536
316,Odisha,Puri(17),Bharatiya Janata Party(BJP),SAMBIT PATRA,629330,104709
317,Odisha,Sambalpur(3),Bharatiya Janata Party(BJP),DHARMENDRA PRADHAN,592162,119836
318,Odisha,Sundargarh(2),Bharatiya Janata Party(BJP),JUAL ORAM,494282,138808
319,Pudducherry,PUDUCHERRY(1),Indian National Congress (INC),VE VAITHILINGAM,426005,136516
320,Punjab,Amritsar(2),Indian National Congress (INC),GURJEET SINGH AUJLA,255181,40301
321,Punjab,Anandpur Sahib(6),Aam Aadmi Party(AAP),MALVINDER SINGH KANG,313217,10846
322,Punjab,Bathinda(11),Shiromani Akali Dal - SAD,HARSIMRAT KAUR BADAL,376558,49656
323,Punjab,Faridkot(9),Independent - IND,SARABJEET SINGH KHALSA,298062,70053
324,Punjab,Fatehgarh Sahib(8),Indian National Congress (INC),AMAR SINGH,332591,34202
325,Punjab,Firozpur(10),Indian National Congress (INC),SHER SINGH GHUBAYA,266626,3242
326,Punjab,Gurdaspur(1),Indian National Congress (INC),SUKHJINDER SINGH RANDHAWA,364043,82861
327,Punjab,Hoshiarpur(5),Aam Aadmi Party(AAP),DR. RAJ KUMAR CHABBEWAL,303859,44111
328,Punjab,Jalandhar(4),Indian National Congress (INC),CHARANJIT SINGH CHANNI,390053,175993
329,Punjab,Khadoor Sahib(3),Independent - IND,AMRITPAL SINGH,404430,197120
330,Punjab,Ludhiana(7),Indian National Congress (INC),AMRINDER SINGH RAJA WARRING,322224,20942
331,Punjab,Patiala(13),Indian National Congress (INC),DR DHARAMVIRA GANDHI,305616,14831
332,Punjab,Sangrur(12),Aam Aadmi Party(AAP),GURMEET SINGH MEET HAYER,364085,172560
333,Rajasthan,AJMER (13),Bharatiya Janata Party(BJP),BHAGIRATH CHOUDHARY,747462,329991
334,Rajasthan,ALWAR(8),Bharatiya Janata Party(BJP),BHUPENDER YADAV,631992,48282
335,Rajasthan,BANSWARA (20),Bharat Adivasi Party - BHRTADVSIP,RAJ KUMAR ROAT,820831,247054
336,Rajasthan,BARMER(17),Indian National Congress (INC),UMMEDA RAM BENIWAL,704676,118176
337,Rajasthan,BHARATPUR (9),Indian National Congress (INC),SANJNA JATAV,579890,51983
338,Rajasthan,BHILWARA(23),Bharatiya Janata Party(BJP),DAMODAR AGARWAL,807640,354606
339,Rajasthan,BIKANER (2),Bharatiya Janata Party(BJP),ARJUN RAM MEGHWAL,566737,55711
340,Rajasthan,CHITTORGARH(21),Bharatiya Janata Party(BJP),CHANDRA PRAKASH JOSHI,888202,389877
341,Rajasthan,CHURU(3),Indian National Congress (INC),RAHUL KASWAN,728211,72737
342,Rajasthan,DAUSA (11),Indian National Congress (INC),MURARI LAL MEENA,646266,237340
343,Rajasthan,GANGANAGAR (1),Indian National Congress (INC),KULDEEP INDORA,726492,88153
344,Rajasthan,JAIPUR RURAL(6),Bharatiya Janata Party(BJP),RAO RAJENDRA SINGH,617877,1615
345,Rajasthan,JAIPUR(7),Bharatiya Janata Party(BJP),MANJU SHARMA,886850,331767
346,Rajasthan,JALORE (18),Bharatiya Janata Party(BJP),LUMBARAM,796783,201543
347,Rajasthan,JHALAWAR-BARAN(25),Bharatiya Janata Party(BJP),DUSHYANT SINGH,865376,370989
348,Rajasthan,JHUNJHUNU     (4),Indian National Congress (INC),BRIJENDRA SINGH OLA,553168,18235
349,Rajasthan,JODHPUR(16),Bharatiya Janata Party(BJP),GAJENDRA SINGH SHEKHAWAT,730056,115677
350,Rajasthan,KARAULI-DHOLPUR (10),Indian National Congress (INC),BHAJAN LAL JATAV,530011,98945
351,Rajasthan,KOTA(24),Bharatiya Janata Party(BJP),OM BIRLA,750496,41974
352,Rajasthan,NAGAUR(14),Rashtriya Loktantrik Party - RLTP,HANUMAN BENIWAL,596955,42225
353,Rajasthan,PALI(15),Bharatiya Janata Party(BJP),P. P. CHAUDHARY,757389,245351
354,Rajasthan,RAJSAMAND(22),Bharatiya Janata Party(BJP),MAHIMA KUMARI MEWAR,781203,392223
355,Rajasthan,SIKAR(5),Communist Party of India (Marxist) - CPI(M),AMRARAM,659300,72896
356,Rajasthan,TONK-SAWAI MADHOPUR (12),Indian National Congress (INC),HARISH CHANDRA MEENA,623763,64949
357,Rajasthan,UDAIPUR (19),Bharatiya Janata Party(BJP),MANNA LAL RAWAT,738286,261608
358,Sikkim,Sikkim(1),Sikkim Krantikari Morcha - SKM,INDRA HANG SUBBA,164396,80830
359,TamilNadu,ARAKKONAM(7),Dravida Munnetra Kazhagam,S JAGATHRATCHAKAN,563216,306559
360,TamilNadu,ARANI(12),Dravida Munnetra Kazhagam,THARANIVENTHAN M S,500099,208766
361,TamilNadu,CHENNAI CENTRAL(4),Dravida Munnetra Kazhagam,DAYANIDHI MARAN,413848,244689
362,TamilNadu,CHENNAI NORTH(2),Dravida Munnetra Kazhagam,DR.KALANIDHI VEERASWAMY,497333,339222
363,TamilNadu,CHENNAI SOUTH(3),Dravida Munnetra Kazhagam,T.SUMATHY (ALIAS) THAMIZHACHI THANGAPANDIAN,516628,225945
364,TamilNadu,CHIDAMBARAM(27),Viduthalai Chiruthaigal Katchi -  VCK,THIRUMAAVALAVAN THOL,505084,103554
365,TamilNadu,COIMBATORE(20),Dravida Munnetra Kazhagam,GANAPATHY RAJKUMAR P,568200,118068
366,TamilNadu,CUDDALORE(26),Indian National Congress (INC),M.K. VISHNUPRASAD,455053,185896
367,TamilNadu,DHARMAPURI(10),Dravida Munnetra Kazhagam,MANI. A.,432667,21300
368,TamilNadu,DINDIGUL(22),Communist Party of India (Marxist) - CPI(M),SACHITHANANTHAM R,670149,443821
369,TamilNadu,ERODE(17),Dravida Munnetra Kazhagam,K E PRAKASH,562339,236566
370,TamilNadu,KALLAKURICHI(14),Dravida Munnetra Kazhagam,MALAIYARASAN D,561589,53784
371,TamilNadu,KANCHEEPURAM(6),Dravida Munnetra Kazhagam,SELVAM. G,586044,221473
372,TamilNadu,KANNIYAKUMARI(39),Indian National Congress (INC),VIJAYAKUMAR (Alias) VIJAY VASANTH,546248,179907
373,TamilNadu,KARUR(23),Indian National Congress (INC),JOTHIMANI. S,534906,166816
374,TamilNadu,KRISHNAGIRI(9),Indian National Congress (INC),GOPINATH K,492883,192486
375,TamilNadu,MADURAI(32),Communist Party of India (Marxist) - CPI(M),VENKATESAN S,430323,209409
376,TamilNadu,MAYILADUTHURAI(28),Indian National Congress (INC),SUDHA R,518459,271183
377,TamilNadu,NAGAPATTINAM(29),Communist Party of India - CPI,SELVARAJ V,465044,208957
378,TamilNadu,NAMAKKAL(16),Dravida Munnetra Kazhagam,MATHESWARAN V S,462036,29112
379,TamilNadu,NILGIRIS(19),Dravida Munnetra Kazhagam,RAJA A,473212,240585
380,TamilNadu,PERAMBALUR(25),Dravida Munnetra Kazhagam,ARUN NEHRU,603209,389107
381,TamilNadu,POLLACHI(21),Dravida Munnetra Kazhagam,ESWARASAMY K,533377,252042
382,TamilNadu,RAMANATHAPURAM(35),Indian Union Muslim League - IUML,NAVASKANI K,509664,166782
383,TamilNadu,SALEM(15),Dravida Munnetra Kazhagam,SELVAGANAPATHI T M,566085,70357
384,TamilNadu,SIVAGANGA(31),Indian National Congress (INC),KARTI P CHIDAMBARAM,427677,205664
385,TamilNadu,SRIPERUMBUDUR(5),Dravida Munnetra Kazhagam,T R BAALU,758611,487029
386,TamilNadu,TENKASI(37),Dravida Munnetra Kazhagam,DR RANI SRI KUMAR,425679,196199
387,TamilNadu,THANJAVUR(30),Dravida Munnetra Kazhagam,MURASOLI S,502245,319583
388,TamilNadu,THENI(33),Dravida Munnetra Kazhagam,THANGA TAMILSELVAN,571493,278825
389,TamilNadu,THOOTHUKKUDI(36),Dravida Munnetra Kazhagam,KANIMOZHI KARUNANIDHI,540729,392738
390,TamilNadu,TIRUCHIRAPPALLI(24),Marumalarchi Dravida Munnetra Kazhagam - MDMK,DURAI VAIKO,542213,313094
391,TamilNadu,TIRUNELVELI(38),Indian National Congress (INC),ROBERT BRUCE C,502296,165620
392,TamilNadu,TIRUPPUR(18),Communist Party of India - CPI,"SUBBARAYAN, K.",472739,125928
393,TamilNadu,TIRUVALLUR(1),Indian National Congress (INC),Sasikanth Senthil,796956,572155
394,TamilNadu,TIRUVANNAMALAI(11),Dravida Munnetra Kazhagam,"ANNADURAI, C.N.",547379,233931
395,TamilNadu,VELLORE(8),Dravida Munnetra Kazhagam,DM KATHIR ANAND,568692,215702
396,TamilNadu,VILUPPURAM(13),Viduthalai Chiruthaigal Katchi -  VCK,RAVIKUMAR. D,477033,70703
397,TamilNadu,VIRUDHUNAGAR(34),Indian National Congress (INC),MANICKAM TAGORE B,385256,4379
398,Telangana,Adilabad (1),Bharatiya Janata Party(BJP),GODAM NAGESH,568168,90652
399,Telangana,Bhongir (14),Indian National Congress (INC),CHAMALA KIRAN KUMAR REDDY,629143,222170
400,Telangana,Chevella(10),Bharatiya Janata Party(BJP),KONDA VISHWESHWAR REDDY,809882,172897
401,Telangana,Hyderabad(9),All India Majlis-E-Ittehadul Muslimeen - AIMIM,ASADUDDIN OWAISI,661981,338087
402,Telangana,Karimnagar (3),Bharatiya Janata Party(BJP),BANDI SANJAY KUMAR,585116,225209
403,Telangana,Khammam (17),Indian National Congress (INC),RAMASAHAYAM RAGHURAM REDDY,766929,467847
404,Telangana,Mahabubabad  (16),Indian National Congress (INC),BALRAM NAIK PORIKA,612774,349165
405,Telangana,Mahbubnagar(11),Bharatiya Janata Party(BJP),ARUNA. D. K,510747,4500
406,Telangana,Malkajgiri(7),Bharatiya Janata Party(BJP),EATALA RAJENDER,991042,391475
407,Telangana,Medak(6),Bharatiya Janata Party(BJP),MADHAVANENI RAGHUNANDAN RAO,471217,39139
408,Telangana,Nagarkurnool(12),Indian National Congress (INC),DR.MALLU RAVI,465072,94414
409,Telangana,Nalgonda(13),Indian National Congress (INC),KUNDURU RAGHUVEER,784337,559905
410,Telangana,Nizamabad(4),Bharatiya Janata Party(BJP),ARVIND DHARMAPURI,592318,109241
411,Telangana,Peddapalle (2),Indian National Congress (INC),VAMSI KRISHNA GADDAM,475587,131364
412,Telangana,Secunderabad(8),Bharatiya Janata Party(BJP),G. KISHAN REDDY,473012,49944
413,Telangana,Warangal(15),Indian National Congress (INC),KADIYAM KAVYA,581294,220339
414,Telangana,Zahirabad(5),Indian National Congress (INC),SURESH KUMAR SHETKAR,528418,46188
415,Tripura,Tripura East(2),Bharatiya Janata Party(BJP),KRITI DEVI DEBBARMAN,777447,486819
416,Tripura,Tripura West(1),Bharatiya Janata Party(BJP),BIPLAB KUMAR DEB,881341,611578
417,Uttar Pradesh,Agra(18),Bharatiya Janata Party(BJP),PROF S P SINGH BAGHEL,599397,271294
418,Uttar Pradesh,Akbarpur(44),Bharatiya Janata Party(BJP),DEVENDRA SINGH ALIAS BHOLE SINGH,517423,44345
419,Uttar Pradesh,Aligarh(15),Bharatiya Janata Party(BJP),SATISH KUMAR GAUTAM,501834,15647
420,Uttar Pradesh,Allahabad(52),Indian National Congress (INC),UJJWAL RAMAN SINGH,462145,58795
421,Uttar Pradesh,Ambedkar Nagar(55),Samajwadi Party,LALJI VERMA,544959,137247
422,Uttar Pradesh,Amethi(37),Indian National Congress (INC),KISHORI LAL,539228,167196
423,Uttar Pradesh,Amroha(9),Bharatiya Janata Party(BJP),KANWAR SINGH TANWAR,476506,28670
424,Uttar Pradesh,Aonla(24),Samajwadi Party,NEERAJ MAURYA,492515,15969
425,Uttar Pradesh,Azamgarh(69),Samajwadi Party,DHARMENDRA YADAV,508239,161035
426,Uttar Pradesh,Badaun(23),Samajwadi Party,ADITYA YADAV,501855,34991
427,Uttar Pradesh,Baghpat(11),Rashtriya Lok Dal,DR RAJKUMAR SANGWAN,488967,159459
428,Uttar Pradesh,Baharaich(56),Bharatiya Janata Party(BJP),ANAND KUMAR,518802,64227
429,Uttar Pradesh,Ballia(72),Samajwadi Party,SANATAN PANDEY,467068,43384
430,Uttar Pradesh,Banda(48),Samajwadi Party,KRISHNA DEVI SHIVSHANKER PATEL,406567,71210
431,Uttar Pradesh,Bansgaon(67),Bharatiya Janata Party(BJP),KAMLESH PASWAN,428693,3150
432,Uttar Pradesh,Barabanki(53),Indian National Congress (INC),TANUJ PUNIA,719927,215704
433,Uttar Pradesh,Bareilly(25),Bharatiya Janata Party(BJP),CHHATRA PAL SINGH GANGWAR,567127,34804
434,Uttar Pradesh,Basti(61),Samajwadi Party,RAM PRASAD CHAUDHARY,527005,100994
435,Uttar Pradesh,Bhadohi(78),Bharatiya Janata Party(BJP),DR. VINOD KUMAR BIND,459982,44072
436,Uttar Pradesh,Bijnor(4),Rashtriya Lok Dal,CHANDAN CHAUHAN,404493,37508
437,Uttar Pradesh,Bulandshahr(14),Bharatiya Janata Party(BJP),DR BHOLA SINGH,597310,275134
438,Uttar Pradesh,Chandauli(76),Samajwadi Party,BIRENDRA SINGH,474476,21565
439,Uttar Pradesh,Deoria(66),Bharatiya Janata Party(BJP),SHASHANK MANI,504541,34842
440,Uttar Pradesh,Dhaurahra(29),Samajwadi Party,ANAND BHADAURIYA,443743,4449
441,Uttar Pradesh,Domariyaganj(60),Bharatiya Janata Party(BJP),JAGDAMBIKA PAL,463303,42728
442,Uttar Pradesh,Etah(22),Samajwadi Party,DEVESH SHAKYA,475808,28052
443,Uttar Pradesh,Etawah(41),Samajwadi Party,JITENDRA KUMAR DOHARE,490747,58419
444,Uttar Pradesh,Faizabad(54),Samajwadi Party,AWADHESH PRASAD,554289,54567
445,Uttar Pradesh,Farrukhabad(40),Bharatiya Janata Party(BJP),MUKESH RAJPUT,487963,2678
446,Uttar Pradesh,Fatehpur Sikri(19),Bharatiya Janata Party(BJP),RAJKUMAR CHAHAR,445657,43405
447,Uttar Pradesh,Fatehpur(49),Samajwadi Party,NARESH CHANDRA UTTAM PATEL,500328,33199
448,Uttar Pradesh,Firozabad(20),Samajwadi Party,AKSHAYA YADAV,543037,89312
449,Uttar Pradesh,Gautam Buddha Nagar(13),Bharatiya Janata Party(BJP),DR. MAHESH SHARMA,857829,559472
450,Uttar Pradesh,Ghaziabad(12),Bharatiya Janata Party(BJP),ATUL GARG,854170,336965
451,Uttar Pradesh,Ghazipur(75),Samajwadi Party,AFZAL ANSARI,539912,124861
452,Uttar Pradesh,Ghosi(70),Samajwadi Party,RAJEEV RAI,503131,162943
453,Uttar Pradesh,Gorakhpur(64),Bharatiya Janata Party(BJP),RAVINDRA SHUKLA ALIAS RAVI KISHAN,585834,103526
454,Uttar Pradesh,Hamirpur(47),Samajwadi Party,AJENDRA SINGH LODHI,490683,2629
455,Uttar Pradesh,Hardoi(31),Bharatiya Janata Party(BJP),JAI PRAKASH,486798,27856
456,Uttar Pradesh,Hathras(16),Bharatiya Janata Party(BJP),ANOOP PRADHAN BALMIKI,554746,247318
457,Uttar Pradesh,Jalaun(45),Samajwadi Party,NARAYAN DAS AHIRWAR,530180,53898
458,Uttar Pradesh,Jaunpur(73),Samajwadi Party,BABU SINGH KUSHWAHA,509130,99335
459,Uttar Pradesh,Jhansi(46),Bharatiya Janata Party(BJP),ANURAG SHARMA,690316,102614
460,Uttar Pradesh,Kairana(2),Samajwadi Party,IQRA CHOUDHARY,528013,69116
461,Uttar Pradesh,Kaiserganj(57),Bharatiya Janata Party(BJP),KARAN BHUSHAN SINGH,571263,148843
462,Uttar Pradesh,Kannauj(42),Samajwadi Party,AKHILESH YADAV,642292,170922
463,Uttar Pradesh,Kanpur(43),Bharatiya Janata Party(BJP),RAMESH AWASTHI,443055,20968
464,Uttar Pradesh,Kaushambi(50),Samajwadi Party,PUSHPENDRA SAROJ,509787,103944
465,Uttar Pradesh,Kheri(28),Samajwadi Party,UTKARSH VERMA 'MADHUR',557365,34329
466,Uttar Pradesh,Kushi Nagar(65),Bharatiya Janata Party(BJP),VIJAY KUMAR DUBAY,516345,81790
467,Uttar Pradesh,Lalganj(68),Samajwadi Party,DAROGA PRASAD SAROJ,439959,115023
468,Uttar Pradesh,Lucknow(35),Bharatiya Janata Party(BJP),RAJ NATH SINGH,612709,135159
469,Uttar Pradesh,Machhlishahr(74),Samajwadi Party,PRIYA SAROJ,451292,35850
470,Uttar Pradesh,Maharajganj(63),Bharatiya Janata Party(BJP),PANKAJ CHAUDHARY,591310,35451
471,Uttar Pradesh,Mainpuri(21),Samajwadi Party,DIMPLE YADAV,598526,221639
472,Uttar Pradesh,Mathura(17),Bharatiya Janata Party(BJP),HEMAMALINI DHARMENDRA DEOL,510064,293407
473,Uttar Pradesh,Meerut(10),Bharatiya Janata Party(BJP),ARUN GOVIL,546469,10585
474,Uttar Pradesh,Mirzapur(79),Apna Dal (Soneylal) - ADAL,ANUPRIYA PATEL,471631,37810
475,Uttar Pradesh,Misrikh(32),Bharatiya Janata Party(BJP),ASHOK KUMAR RAWAT,475016,33406
476,Uttar Pradesh,Mohanlalganj(34),Samajwadi Party,R.K. CHAUDHARY,667869,70292
477,Uttar Pradesh,Moradabad(6),Samajwadi Party,RUCHI VIRA,637363,105762
478,Uttar Pradesh,Muzaffarnagar(3),Samajwadi Party,HARENDRA SINGH MALIK,470721,24672
479,Uttar Pradesh,Muzaffarpur(15),Bharatiya Janata Party(BJP),RAJ BHUSHAN CHOUDHARY,619749,234927
480,Uttar Pradesh,Nagina(5),Aazad Samaj Party (Kanshi Ram) - ASPKR,CHANDRASHEKHAR,512552,151473
481,Uttar Pradesh,Phulpur(51),Bharatiya Janata Party(BJP),PRAVEEN PATEL,452600,4332
482,Uttar Pradesh,Pilibhit(26),Bharatiya Janata Party(BJP),JITIN PRASADA,607158,164935
483,Uttar Pradesh,Pratapgarh(39),Samajwadi Party,SHIV PAL SINGH PATEL (DR. S P SINGH),441932,66206
484,Uttar Pradesh,Rae Bareli(36),Indian National Congress (INC),RAHUL GANDHI,687649,390030
485,Uttar Pradesh,Rampur(7),Samajwadi Party,MOHIBBULLAH,481503,87434
486,Uttar Pradesh,Robertsganj(80),Samajwadi Party,CHHOTELAL,465848,129234
487,Uttar Pradesh,Saharanpur(1),Indian National Congress (INC),IMRAN MASOOD,547967,64542
488,Uttar Pradesh,Salempur(71),Samajwadi Party,RAMASHANKAR RAJBHAR,405472,3573
489,Uttar Pradesh,Sambhal(8),Samajwadi Party,ZIA UR REHMAN,571161,121494
490,Uttar Pradesh,Sant Kabir Nagar(62),Samajwadi Party,LAXMIKANT PAPPU NISHAD,498695,92170
491,Uttar Pradesh,Shahjahanpur(27),Bharatiya Janata Party(BJP),ARUN KUMAR SAGAR,592718,55379
492,Uttar Pradesh,Shrawasti(58),Samajwadi Party,RAM SHIROMANI VERMA,511055,76673
493,Uttar Pradesh,Sitapur(30),Indian National Congress (INC),RAKESH RATHOR,531138,89641
494,Uttar Pradesh,Sultanpur(38),Samajwadi Party,RAMBHUAL NISHAD,444330,43174
495,Uttar Pradesh,Unnao(33),Bharatiya Janata Party(BJP),SWAMI SACHCHIDANAND HARI SAKSHI,616133,35818
496,Uttar Pradesh,Varanasi(77),Bharatiya Janata Party(BJP),NARENDRA MODI,612970,152513
497,Uttrakhand,Almora(3),Bharatiya Janata Party(BJP),AJAY TAMTA,429167,234097
498,Uttrakhand,Garhwal(2),Bharatiya Janata Party(BJP),ANIL BALUNI,432159,163503
499,Uttrakhand,Haridwar(5),Bharatiya Janata Party(BJP),TRIVENDRA SINGH RAWAT,653808,164056
500,Uttrakhand,Nainital-Udhamsingh Nagar(4),Bharatiya Janata Party(BJP),AJAY BHATT,772671,334548
501,Uttrakhand,Tehri Garhwal(1),Bharatiya Janata Party(BJP),MALA RAJYA LAKSHMI SHAH,462603,272493
502,West Bengal,Alipurduars(2),Bharatiya Janata Party(BJP),MANOJ TIGGA,695314,75447
503,West Bengal,Arambagh(29),All India Trinamool Congress,BAG MITALI,712587,6399
504,West Bengal,Asansol(40),All India Trinamool Congress,SHATRUGHAN PRASAD SINHA,605645,59564
505,West Bengal,Baharampur(10),All India Trinamool Congress,PATHAN YUSUF,524516,85022
506,West Bengal,Balurghat(6),Bharatiya Janata Party(BJP),SUKANTA MAJUMDAR,574996,10386
507,West Bengal,Bangaon(14),Bharatiya Janata Party(BJP),SHANTANU THAKUR,719505,73693
508,West Bengal,Bankura(36),All India Trinamool Congress,ARUP CHAKRABORTY,641813,32778
509,West Bengal,Barasat(17),All India Trinamool Congress,KAKOLI GHOSH DASTIDAR,692010,114189
510,West Bengal,Bardhaman Purba(38),All India Trinamool Congress,DR. SHARMILA SARKAR,720302,160572
511,West Bengal,Bardhaman-Durgapur(39),All India Trinamool Congress,AZAD KIRTI JHA,720667,137981
512,West Bengal,Barrackpur(15),All India Trinamool Congress,PARTHA BHOWMICK,520231,64438
513,West Bengal,Basirhat(18),All India Trinamool Congress,SK NURUL ISLAM,803762,333547
514,West Bengal,Birbhum(42),All India Trinamool Congress,SATABDI ROY,717961,197650
515,West Bengal,Bishnupur(37),Bharatiya Janata Party(BJP),KHAN SAUMITRA,680130,5567
516,West Bengal,Bolpur(41),All India Trinamool Congress,ASIT KUMAR MAL,855633,327253
517,West Bengal,Coochbehar(1),All India Trinamool Congress,JAGADISH CHANDRA BARMA BASUNIA,788375,39250
518,West Bengal,Darjeeling(4),Bharatiya Janata Party(BJP),RAJU BISTA,679331,178525
519,West Bengal,Diamond harbour(21),All India Trinamool Congress,ABHISHEK BANERJEE,1048230,710930
520,West Bengal,Dum dum(16),All India Trinamool Congress,SOUGATA RAY,528579,70660
521,West Bengal,Ghatal(32),All India Trinamool Congress,ADHIKARI DEEPAK (DEV),837990,182868
522,West Bengal,Hooghly(28),All India Trinamool Congress,RACHNA BANERJEE,702744,76853
523,West Bengal,Howrah(25),All India Trinamool Congress,PRASUN BANERJEE,626493,169442
524,West Bengal,Jadavpur(22),All India Trinamool Congress,SAYANI GHOSH,717899,258201
525,West Bengal,Jalpaiguri(3),Bharatiya Janata Party(BJP),DR JAYANTA KUMAR ROY,766568,86693
526,West Bengal,Jangipur(9),All India Trinamool Congress,KHALILUR RAHAMAN,544427,116637
527,West Bengal,Jhargram(33),All India Trinamool Congress,KALIPADA SAREN (KHERWAL),743478,174048
528,West Bengal,Joynagar(19),All India Trinamool Congress,PRATIMA MONDAL,894312,470219
529,West Bengal,Kanthi(31),Bharatiya Janata Party(BJP),ADHIKARI SOUMENDU,763195,47764
530,West Bengal,Kolkata Dakshin(23),All India Trinamool Congress,MALA ROY,615274,187231
531,West Bengal,Kolkata Uttar(24),All India Trinamool Congress,BANDYOPADHYAY SUDIP,454696,92560
532,West Bengal,Krishnanagar(12),All India Trinamool Congress,MAHUA MOITRA,628789,56705
533,West Bengal,Maldaha Dakshin(8),Indian National Congress (INC),ISHA KHAN CHOUDHURY,572395,128368
534,West Bengal,Maldaha Uttar(7),Bharatiya Janata Party(BJP),KHAGEN MURMU,527023,77708
535,West Bengal,Mathurapur(20),All India Trinamool Congress,BAPI HALDAR,755731,201057
536,West Bengal,Medinipur(34),All India Trinamool Congress,JUNE MALIAH,702192,27191
537,West Bengal,Murshidabad(11),All India Trinamool Congress,ABU TAHER KHAN,682442,164215
538,West Bengal,Purulia(35),Bharatiya Janata Party(BJP),JYOTIRMAY SINGH MAHATO,578489,17079
539,West Bengal,Raiganj(5),Bharatiya Janata Party(BJP),KARTICK CHANDRA PAUL,560897,68197
540,West Bengal,Ranaghat(13),Bharatiya Janata Party(BJP),JAGANNATH SARKAR,782396,186899
541,West Bengal,Srerampur(27),All India Trinamool Congress,KALYAN BANERJEE,673970,174830
542,West Bengal,Tamluk(30),Bharatiya Janata Party(BJP),ABHIJIT GANGOPADHYAY,765584,77733
543,West Bengal,Uluberia(26),All India Trinamool Congress,SAJDA AHMED,724622,218673
